respondent_id,item_1,item_2,item_3,item_4,item_5,item_6,item_7,item_8,item_9,item_10,completed,response_time_sec
1,5,4,4,4,4,5,5,5,4,5,0,285.0
2,3,2,2,3,2,4,3,1,3,3,0,199.0
3,2,2,3,3,2,2,3,2,3,3,1,139.0
4,3,2,3,3,3,3,4,4,3,3,1,260.0
5,3,3,3,2,3,2,3,2,3,3,0,168.0
6,3,2,3,3,2,3,3,3,2,3,1,115.0
7,3,4,3,3,3,3,4,2,3,3,1,251.0
8,2,2,1,1,1,1,2,3,1,2,1,210.0
9,3,4,3,4,5,4,4,4,3,3,0,105.0
10,3,4,4,4,3,3,5,4,3,4,1,275.0
11,2,3,3,2,3,3,2,2,3,3,0,170.0
12,2,4,4,3,2,3,3,3,5,3,0,217.0
13,4,3,3,3,3,4,3,4,3,4,1,197.0
14,3,3,3,4,2,2,1,3,3,3,1,325.0
15,2,2,3,3,1,2,2,3,3,2,1,202.0
16,1,2,2,1,2,2,2,2,2,1,1,258.0
17,5,3,3,3,4,3,4,4,4,3,0,235.0
18,3,3,3,2,2,4,3,3,2,3,1,235.0
19,3,4,3,3,3,3,4,3,4,3,0,159.0
20,2,2,2,2,2,2,2,1,1,2,1,204.0
21,5,4,5,5,4,3,5,3,5,5,1,167.0
22,3,4,4,4,3,3,3,4,3,4,0,183.0
23,2,3,3,3,2,3,3,4,3,3,1,222.0
24,4,4,4,4,5,5,5,5,4,4,1,266.0
25,3,3,3,3,4,3,2,4,2,3,0,272.0
26,2,2,1,2,1,2,3,2,1,1,0,225.0
27,2,2,2,3,3,1,2,3,3,4,1,248.0
28,2,1,1,1,2,1,1,1,1,1,0,177.0
29,4,3,4,4,4,3,4,4,4,4,0,263.0
30,3,4,3,3,2,2,1,4,2,4,0,275.0
31,2,2,3,3,2,3,3,2,3,2,1,199.0
32,4,4,4,4,4,4,4,4,4,3,1,189.0
33,1,2,2,2,2,1,2,2,1,2,1,211.0
34,3,3,3,3,4,4,3,3,4,3,1,170.0
35,2,2,2,1,1,1,1,2,2,1,0,231.0
36,2,2,3,4,3,4,3,1,2,3,1,248.0
37,2,2,1,2,2,2,2,3,3,2,0,129.0
38,3,3,4,3,5,4,5,5,4,4,1,279.0
39,4,4,4,5,4,4,5,5,5,5,1,231.0
40,3,3,3,3,2,3,2,4,2,3,1,217.0
41,5,4,4,4,3,4,4,5,3,4,1,143.0
42,2,3,3,3,2,2,3,3,3,4,0,219.0
43,3,3,4,4,3,4,4,4,3,2,1,168.0
44,2,2,3,2,3,3,3,3,2,2,0,284.0
45,1,1,2,1,2,2,1,2,1,2,1,241.0
46,1,2,2,2,2,1,2,1,2,1,0,313.0
47,4,4,4,3,3,4,3,3,3,1,1,207.0
48,5,5,5,5,5,4,5,5,4,5,1,82.0
49,4,4,2,3,4,5,3,3,3,3,1,145.0
50,2,2,3,4,3,2,2,3,3,3,0,221.0
51,5,5,5,5,4,4,4,5,3,5,1,223.0
52,4,4,3,3,3,4,4,3,3,3,1,113.0
53,3,3,3,3,3,4,3,3,4,3,0,231.0
54,2,3,4,4,3,3,2,3,4,3,1,206.0
55,3,4,3,3,3,2,4,3,3,2,1,167.0
56,3,3,2,2,1,2,3,3,2,2,1,191.0
57,1,2,3,2,2,1,2,2,2,2,0,378.0
58,3,3,4,3,3,3,4,4,3,3,1,201.0
59,3,4,3,3,2,3,2,2,4,3,1,320.0
60,3,3,4,4,4,5,3,4,4,4,1,216.0
61,3,2,3,3,3,3,3,2,2,2,0,200.0
62,2,1,2,3,2,1,1,1,1,1,1,235.0
63,3,4,3,3,2,3,3,4,3,3,0,217.0
64,4,5,5,5,5,5,4,5,4,4,1,198.0
65,2,3,3,2,3,3,3,3,3,3,0,108.0
66,2,2,2,3,2,2,2,2,2,1,1,222.0
67,2,2,2,3,3,2,1,2,3,2,0,207.0
68,2,2,1,1,3,3,3,2,3,2,1,269.0
69,2,2,3,2,3,4,3,3,2,2,0,248.0
70,1,1,2,3,3,2,3,1,1,1,0,218.0
71,5,4,4,3,3,5,4,5,4,4,0,178.0
72,2,3,2,3,4,4,4,4,3,3,0,242.0
73,3,3,3,3,3,3,3,2,3,3,0,218.0
74,5,4,3,3,4,3,3,4,5,4,1,154.0
75,4,4,4,4,5,4,4,4,5,5,1,312.0
76,2,2,3,3,2,3,3,3,4,3,1,192.0
77,2,3,3,4,3,4,3,2,3,3,1,254.0
78,4,3,4,3,4,3,3,4,3,4,1,288.0
79,3,3,3,4,3,4,4,3,3,3,0,265.0
80,2,2,2,2,2,3,2,1,1,1,0,278.0
81,4,3,4,4,3,3,4,4,4,4,1,231.0
82,4,3,4,4,3,3,4,3,3,3,1,258.0
83,3,4,3,4,3,3,2,3,4,4,1,235.0
84,2,2,2,3,2,2,2,2,1,2,1,230.0
85,1,2,3,2,5,4,3,3,3,3,0,249.0
86,2,1,4,2,3,3,3,2,3,3,0,212.0
87,3,3,4,2,3,3,2,2,3,3,0,214.0
88,4,4,5,4,4,3,3,4,4,4,0,202.0
89,4,5,5,5,5,4,4,4,4,4,1,212.0
90,3,3,3,2,4,4,3,3,4,4,0,318.0
91,4,3,3,3,3,3,3,3,4,3,1,144.0
92,4,3,3,3,4,4,3,4,4,4,1,164.0
93,2,3,4,2,3,3,4,5,4,3,0,182.0
94,3,2,4,4,3,3,3,2,3,4,1,197.0
95,1,2,2,3,1,2,2,3,3,2,0,301.0
96,4,2,3,4,2,3,3,3,3,3,1,180.0
97,5,5,5,5,5,4,5,5,4,4,1,218.0
98,4,3,3,3,3,4,4,5,4,4,0,102.0
99,4,3,2,2,3,2,3,3,2,4,0,231.0
100,3,2,2,4,3,3,2,3,3,2,0,269.0
101,2,2,3,2,2,2,1,2,2,3,0,203.0
102,4,4,3,3,4,3,3,3,2,3,1,103.0
103,2,4,4,4,3,3,3,4,3,3,1,227.0
104,2,1,2,2,2,2,1,2,2,2,0,233.0
105,3,4,4,3,3,3,3,3,4,3,0,348.0
106,2,3,3,2,3,2,3,3,3,3,1,166.0
107,5,4,4,4,5,4,3,3,4,4,1,191.0
108,3,4,3,3,4,3,2,3,4,2,1,177.0
109,5,4,5,5,5,3,4,5,4,4,1,206.0
110,2,3,2,2,3,2,3,3,3,2,1,92.0
111,3,2,2,3,2,2,3,3,3,3,1,281.0
112,4,3,3,4,3,3,4,3,3,3,1,238.0
113,3,5,4,4,4,4,5,4,3,3,1,186.0
114,3,5,3,4,4,3,4,3,4,4,1,179.0
115,2,2,2,2,1,4,2,3,2,1,0,271.0
116,4,4,3,3,2,3,4,4,3,3,1,221.0
117,3,3,4,2,3,3,4,3,4,2,0,215.0
118,2,2,1,4,3,3,3,4,2,3,0,230.0
119,3,2,3,2,4,2,2,3,3,3,0,260.0
120,3,5,5,5,5,4,5,4,4,4,1,175.0
121,2,2,2,2,2,3,1,4,4,1,0,220.0
122,1,2,1,3,2,3,2,3,1,1,0,215.0
123,4,2,4,4,3,2,2,4,4,4,1,179.0
124,3,3,3,2,3,3,3,3,3,3,0,163.0
125,2,3,3,3,2,3,4,4,4,4,0,184.0
126,3,3,4,3,3,3,4,3,3,3,1,222.0
127,3,3,3,4,4,4,4,3,3,3,1,247.0
128,3,4,3,3,3,3,3,3,4,3,1,197.0
129,3,4,4,3,4,4,4,4,4,4,1,30.0
130,3,2,4,3,3,3,3,2,3,3,0,152.0
131,2,2,4,3,4,2,3,2,2,2,0,264.0
132,3,2,4,4,3,3,3,2,3,3,0,340.0
133,3,3,3,3,2,2,3,3,2,3,0,312.0
134,3,3,3,3,4,3,4,4,3,3,1,188.0
135,2,3,4,2,1,1,2,2,2,2,0,219.0
136,1,2,2,3,2,1,1,2,2,1,0,215.0
137,3,3,3,3,3,3,3,3,4,3,0,343.0
138,2,2,1,2,1,2,3,3,2,1,0,254.0
139,2,2,2,1,2,1,2,2,2,2,1,146.0
140,3,3,3,3,4,3,4,3,3,4,0,297.0
141,2,3,2,3,2,4,3,3,3,3,1,249.0
142,4,2,3,4,4,3,4,3,3,3,1,81.0
143,4,3,2,3,3,2,1,3,3,2,0,203.0
144,2,2,2,2,1,2,3,2,1,3,0,300.0
145,2,1,1,3,3,1,3,2,1,2,1,254.0
146,2,2,2,3,2,2,3,3,3,2,1,127.0
147,3,3,3,3,2,3,2,3,3,3,1,200.0
148,3,4,2,2,2,3,3,3,1,2,0,292.0
149,3,3,2,2,2,3,3,3,3,3,0,261.0
150,1,1,1,2,2,3,1,2,2,3,1,138.0
151,3,4,2,3,3,3,3,4,2,3,1,190.0
152,1,2,2,1,2,1,2,2,2,3,0,280.0
153,3,3,2,3,3,3,4,4,3,3,0,270.0
154,3,3,4,4,3,3,4,4,4,4,1,144.0
155,3,3,4,4,3,4,4,4,4,4,1,339.0
156,5,5,4,5,5,4,4,5,4,5,1,214.0
157,3,2,2,1,1,1,2,2,2,2,1,112.0
158,2,3,3,3,2,4,4,3,3,4,1,182.0
159,4,4,3,4,3,4,4,3,4,4,1,39.0
160,4,5,4,3,4,3,3,5,5,5,1,161.0
161,2,2,2,2,2,2,2,2,2,2,0,239.0
162,3,4,4,4,3,4,3,2,3,3,1,344.0
163,4,5,5,5,4,5,4,5,4,5,1,213.0
164,1,2,1,1,1,3,1,2,2,2,0,263.0
165,4,3,3,3,3,4,4,3,3,3,1,246.0
166,5,4,4,5,3,4,3,5,4,4,1,214.0
167,3,3,3,2,3,2,2,3,2,3,0,206.0
168,3,3,2,4,3,3,4,4,3,5,0,322.0
169,2,2,3,3,2,2,2,2,2,2,0,272.0
170,2,2,2,2,3,3,2,3,3,2,1,293.0
171,3,2,3,2,3,3,2,3,2,2,1,263.0
172,3,3,3,3,3,2,3,4,4,3,1,147.0
173,3,3,2,2,3,3,3,3,2,3,1,175.0
174,4,4,4,4,3,4,5,4,4,3,1,178.0
175,2,1,3,2,1,4,3,2,1,3,1,179.0
176,3,3,3,2,3,3,2,3,3,3,1,229.0
177,4,4,2,4,5,4,4,3,3,4,0,232.0
178,3,3,4,3,4,2,4,4,4,4,0,195.0
179,2,2,1,1,2,1,2,2,2,2,0,329.0
180,3,4,3,3,4,3,3,4,3,3,1,283.0
181,3,3,2,2,2,2,3,3,4,2,0,245.0
182,4,3,2,2,4,3,5,3,4,2,0,180.0
183,3,4,2,3,3,2,3,4,3,3,0,206.0
184,5,4,3,4,4,4,4,5,4,4,1,158.0
185,3,3,3,3,4,3,3,2,1,3,1,150.0
186,1,1,1,1,2,2,1,2,1,2,0,185.0
187,2,2,2,2,3,2,2,1,3,2,1,217.0
188,4,3,3,4,3,4,4,3,3,3,1,220.0
189,3,2,3,3,2,3,4,3,3,2,0,268.0
190,4,4,4,4,4,3,3,4,3,3,1,148.0
191,3,3,4,2,4,3,3,4,4,4,0,260.0
192,3,3,2,2,2,2,2,3,2,1,0,360.0
193,4,4,4,3,4,3,3,3,4,4,1,217.0
194,2,2,3,4,2,2,3,3,3,3,1,180.0
195,1,1,2,1,2,1,2,1,2,1,0,403.0
196,5,4,5,5,5,5,5,5,5,4,1,221.0
197,2,2,1,1,1,3,1,2,1,1,0,206.0
198,3,4,3,3,4,4,4,4,4,2,0,295.0
199,3,4,5,3,4,4,4,4,4,4,1,161.0
200,3,4,4,4,4,3,3,3,2,3,1,182.0
201,3,2,3,2,1,2,2,2,1,1,0,302.0
202,3,4,2,4,4,4,4,3,4,3,1,167.0
203,2,1,2,1,2,1,2,2,2,2,1,116.0
204,2,2,1,3,1,2,3,2,2,2,0,284.0
205,2,3,3,2,2,3,2,2,2,2,0,292.0
206,4,4,4,5,4,4,3,5,4,4,1,122.0
207,2,3,3,4,3,4,4,3,3,3,1,182.0
208,4,3,4,4,4,5,4,4,3,3,1,267.0
209,3,3,3,3,3,3,2,2,3,3,1,218.0
210,3,3,3,2,2,2,2,2,2,2,1,252.0
211,2,2,3,4,2,1,2,2,1,2,0,236.0
212,2,3,3,3,2,3,2,3,3,2,1,166.0
213,3,3,4,4,3,3,4,3,4,5,1,171.0
214,2,3,3,2,2,2,3,3,4,2,0,225.0
215,4,4,3,3,4,3,3,3,2,4,0,254.0
216,2,2,2,2,2,2,3,3,2,2,0,85.0
217,2,3,3,2,2,3,2,2,2,2,0,131.0
218,2,4,3,3,2,4,4,3,3,3,1,204.0
219,2,3,3,3,4,3,4,4,2,3,1,243.0
220,3,3,4,4,3,4,3,3,4,3,0,205.0
221,2,3,4,3,3,2,3,3,4,3,1,204.0
222,5,4,4,5,4,4,5,4,4,5,1,141.0
223,2,3,3,3,2,2,3,2,3,4,0,163.0
224,2,2,3,4,3,2,2,2,4,4,0,253.0
225,2,2,2,2,3,1,1,2,3,2,0,240.0
226,4,3,3,4,3,4,3,3,2,4,1,174.0
227,4,4,3,2,4,3,4,3,5,4,1,128.0
228,2,2,2,2,2,2,2,1,2,2,1,208.0
229,3,2,3,3,3,3,3,3,3,3,1,200.0
230,4,3,4,3,4,4,3,4,3,3,1,189.0
231,3,2,3,5,3,3,3,3,3,4,1,197.0
232,3,3,4,4,3,3,3,2,2,2,0,222.0
233,3,4,3,3,3,3,3,3,4,4,1,234.0
234,2,3,3,2,3,4,3,4,3,4,0,267.0
235,3,3,3,3,3,3,3,4,3,3,1,308.0
236,3,4,4,5,5,3,4,4,4,4,1,286.0
237,5,5,5,5,2,5,3,3,4,4,1,201.0
238,3,2,3,3,3,2,3,3,1,3,1,131.0
239,2,3,2,2,3,3,3,3,3,1,0,280.0
240,3,4,3,3,3,2,4,4,3,2,1,168.0
241,3,3,4,1,3,2,4,3,3,3,1,292.0
242,1,1,1,1,2,1,1,2,2,1,0,156.0
243,5,4,5,4,4,4,4,4,4,5,1,178.0
244,2,3,2,3,3,4,3,3,3,3,1,293.0
245,2,4,4,3,3,3,4,3,3,4,1,203.0
246,2,3,3,2,2,2,2,3,2,2,0,285.0
247,4,5,4,5,4,3,4,4,3,3,0,281.0
248,3,2,2,3,3,3,2,2,2,2,1,174.0
249,3,3,3,3,2,3,4,3,3,2,1,252.0
250,2,3,2,2,1,2,2,2,1,2,0,192.0
251,3,3,3,3,4,4,2,2,3,4,1,183.0
252,2,3,3,3,2,3,2,3,4,3,0,366.0
253,3,4,3,3,3,3,3,3,3,3,0,232.0
254,3,3,3,3,3,3,4,3,4,2,0,264.0
255,2,3,4,3,3,3,4,4,3,3,1,140.0
256,4,4,3,3,3,4,5,3,3,4,1,280.0
257,3,1,2,3,3,3,2,3,3,2,1,148.0
258,1,2,1,3,2,2,3,1,2,2,1,159.0
259,2,3,3,4,2,2,2,2,2,4,1,167.0
260,4,4,2,5,4,2,4,3,4,3,1,147.0
261,5,5,4,5,5,4,5,4,4,4,0,159.0
262,3,4,4,5,4,3,3,4,3,3,1,185.0
263,1,1,1,2,2,1,2,2,2,2,1,173.0
264,2,4,3,3,3,4,3,4,3,3,1,196.0
265,5,4,4,5,4,5,4,5,5,3,1,144.0
266,3,4,3,3,3,3,4,3,4,3,1,149.0
267,3,2,3,2,2,3,2,3,2,2,0,223.0
268,4,3,3,3,4,4,4,3,3,4,1,201.0
269,3,1,3,3,3,3,2,3,3,3,1,147.0
270,4,4,3,4,4,4,3,4,5,3,0,239.0
271,3,3,4,4,3,3,3,3,3,4,1,187.0
272,5,4,2,4,4,4,4,2,4,4,1,262.0
273,3,3,3,2,4,4,3,3,3,3,1,238.0
274,3,2,2,3,3,3,3,4,2,2,0,270.0
275,3,3,4,4,4,4,4,3,4,3,0,300.0
276,3,4,3,4,3,5,5,3,4,3,1,164.0
277,3,2,4,2,2,2,3,3,3,3,0,320.0
278,3,3,2,3,3,3,3,3,2,3,0,252.0
279,1,1,2,2,1,1,1,1,1,1,1,172.0
280,3,3,4,4,4,4,4,4,3,3,1,224.0
281,2,2,3,2,3,2,2,2,3,3,0,178.0
282,1,2,2,1,1,1,1,1,2,2,0,344.0
283,3,2,3,1,1,1,1,1,2,2,0,256.0
284,3,3,3,2,3,3,3,3,2,3,0,154.0
285,4,4,2,4,3,5,4,5,4,5,1,135.0
286,3,4,4,2,4,3,3,4,3,3,1,171.0
287,3,3,4,4,4,3,3,3,4,4,1,168.0
288,3,2,1,2,1,2,3,2,2,2,0,267.0
289,3,1,2,2,2,2,2,1,2,1,0,292.0
290,4,4,3,5,3,4,4,4,4,4,0,300.0
291,3,3,4,3,3,3,4,4,2,3,0,272.0
292,4,3,3,3,3,2,4,3,3,3,1,146.0
293,4,4,4,4,4,4,5,4,4,5,1,266.0
294,3,3,3,3,2,3,2,2,2,2,1,272.0
295,2,3,2,3,3,3,3,2,3,3,0,128.0
296,3,4,4,3,4,5,3,4,5,5,1,168.0
297,5,5,4,5,4,4,5,4,4,5,1,180.0
298,3,2,3,3,2,4,3,4,2,3,0,195.0
299,5,4,5,5,4,4,4,3,4,4,1,261.0
300,2,4,3,2,3,3,2,2,3,4,0,267.0
